genus	host.source
Aalivirus	vertebrates
Aarhusvirus	bacteria
Abaiavirus	bacteria
Abakapovirus	bacteria
Abbeymikolonvirus	bacteria
Aberdnavirus	marine (S)
Abidjanvirus	bacteria
Abouovirus	bacteria
Acadevirus	bacteria
Acadianvirus	bacteria
Acajnonavirus	bacteria
Acanvirus	bacteria
Achlievirus	bacteria
Acionnavirus	bacteria
Acridvirus	invertebrates
Actinovirus	vertebrates
Adahivirus	bacteria
Adahmuvirus	bacteria
Adaiavirus	bacteria
Aegirvirus	bacteria
Aerosvirus	bacteria
Affertcholeramvirus	bacteria
Afonbuvirus	bacteria
Agatevirus	bacteria
Ageyesisatellite	plants
Aghbyvirus	bacteria
Agmunavirus	bacteria
Agnathovirus	vertebrates
Agricanvirus	bacteria
Agtrevirus	bacteria
Aguilavirus	bacteria
Ahduovirus	bacteria
Ahphunavirus	bacteria
Ahtivirus	bacteria
Ailurivirus	vertebrates
Akihdevirus	bacteria
Akiravirus	bacteria
Akonivirus	bacteria
Alachuavirus	bacteria
Alasvirus	invertebrates
Albetovirus	plants
Alcyoneusvirus	bacteria
Aldhiuvirus	bacteria
Alefpapillomavirus	vertebrates
Alegriavirus	bacteria
Alehndavirus	bacteria
Alehxovirus	bacteria
Aleptorquevirus	vertebrates
Alexandravirus	bacteria
Aleyavirus	invertebrates
Aleybvirus	invertebrates
Alfamovirus	plants
Alisovirus	bacteria
Allexivirus	plants
Almendravirus	invertebrates
Alohrdovirus	bacteria
Alphaabyssovirus	invertebrates
Alphaarterivirus	vertebrates
Alphabaculovirus	invertebrates
Alphacarmotetravirus	invertebrates
Alphacarmovirus	plants
Alphachrysovirus	fungi+invertebrates (S)+plants (S)
Alphacoronavirus	vertebrates
Alphacrustrhavirus	invertebrates
Alphadintovirus	invertebrates
Alphadrosrhavirus	invertebrates
Alphaendornavirus	fungi+plants+protists
Alphaentomopoxvirus	invertebrates
Alphafusarivirus	algae+fungi
Alphafusellovirus	archaea
Alphaglobulovirus	archaea
Alphahymrhavirus	invertebrates
Alphahypovirus	fungi+invertebrates
Alphainfluenzavirus	vertebrates
Alphaletovirus	vertebrates
Alphalipothrixvirus	archaea
Alphamesonivirus	invertebrates
Alphamononivirus	invertebrates
Alphanecrovirus	plants
Alphanemrhavirus	invertebrates+vertebrates
Alphanodavirus	invertebrates
Alphanucleorhabdovirus	plants
Alphanudivirus	invertebrates
Alphaovalivirus	archaea
Alphapapillomavirus	vertebrates
Alphapaprhavirus	invertebrates
Alphapartitivirus	fungi+plants
Alphapermutotetravirus	invertebrates
Alphapironavirus	vertebrates
Alphapleolipovirus	archaea
Alphapolyomavirus	vertebrates
Alphaportoglobovirus	archaea
Alpharetrovirus	vertebrates
Alpharicinrhavirus	invertebrates
Alphasphaerolipovirus	archaea
Alphaspiravirus	archaea
Alphatectivirus	bacteria
Alphatorquevirus	vertebrates
Alphatrevirus	bacteria
Alphatristromavirus	archaea
Alphaturrivirus	archaea
Alphavirus	invertebrates+vertebrates
Alphayadokarivirus	fungi
Alternavirus	fungi
Amalgavirus	plants
Amdoparvovirus	vertebrates
Amginevirus	bacteria
Amigovirus	bacteria
Aminayvirus	bacteria
Amoyvirus	bacteria
Ampelovirus	plants
Ampivirus	vertebrates
Amplylivirus	vertebrates
Ampunavirus	bacteria
Amubhivirus	bacteria
Anamdongvirus	bacteria
Anaposvirus	bacteria
Anativirus	vertebrates
Anatolevirus	bacteria
Anayavirus	bacteria
Anchaingvirus	bacteria
Andhasavirus	bacteria
Andhaxevirus	bacteria
Andhevirus	bacteria
Andhravirus	bacteria
Andihavirus	bacteria
Andrewvirus	bacteria
Andromedavirus	bacteria
Andurilvirus	protists (S)
Anedhivirus	bacteria
Angainorvirus	protists (S)
Angelvirus	bacteria
Angristvirus	protists (S)
Anicalvirus	invertebrates
Anidravirus	invertebrates
Anjalivirus	bacteria
Annadreamyvirus	bacteria
Anphevirus	invertebrates
Antennavirus	vertebrates
Anthonyvirus	bacteria
Antichaacvirus	archaea
Antsirabevirus	bacteria
Anulavirus	plants
Aobingvirus	archaea
Aokuangvirus	bacteria
Aoqinvirus	bacteria
Aorunvirus	bacteria
Aparavirus	invertebrates
Apdecimavirus	bacteria
Apeevirus	bacteria
Aphenovirus	bacteria
Aphroditevirus	bacteria
Aphthovirus	vertebrates
Apihcavirus	bacteria
Appavirus	bacteria
Apricotvirus	bacteria
Apscaviroid	plants
Aptresvirus	bacteria
Apukhovirus	bacteria
Aquabirnavirus	vertebrates
Aqualaruvirus	invertebrates
Aqualcavirus	bacteria
Aquamavirus	vertebrates
Aquambidensovirus	invertebrates
Aquaparamyxovirus	vertebrates
Aquareovirus	vertebrates
Aranavirus	invertebrates
Aranbvirus	invertebrates
Aranruthvirus	protists (S)
Arawnvirus	bacteria
Arawsmovirus	bacteria
Archimedesvirus	bacteria
Arctuvirus	bacteria
Arepavirus	plants
Arequatrovirus	bacteria
Aresaunavirus	bacteria
Arihsbuvirus	bacteria
Arlivirus	invertebrates
Armstrongvirus	bacteria
Arnorvirus	protists (S)
Arpirivirus	bacteria
Arsenicumvirus	bacteria
Arsyunavirus	bacteria
Artiparvovirus	vertebrates
Arurhavirus	invertebrates
Arvduovirus	bacteria
Aryavirus	bacteria
Ascovirus	invertebrates
Asfivirus	invertebrates+vertebrates
Ashcevirus	bacteria
Ashduovirus	bacteria
Ashivirus	bacteria
Ashucavirus	bacteria
Asteriusvirus	bacteria
Astrithrvirus	bacteria
Atadenovirus	vertebrates
Atlauavirus	bacteria
Atraxavirus	bacteria
Attisvirus	bacteria
Attoomivirus	bacteria
Atuphduovirus	bacteria
Audreyjarvisvirus	bacteria
Aumaivirus	plants
Aureusvirus	plants
Auricularimonavirus	fungi
Aurivirus	vertebrates
Aurodevirus	bacteria
Aurunvirus	bacteria
Austintatiousvirus	bacteria
Avanivirus	bacteria
Avastrovirus	vertebrates
Avenavirus	plants
Aveparvovirus	vertebrates
Avesvirus	invertebrates
Aviadenovirus	vertebrates
Avibirnavirus	vertebrates
Avihepadnavirus	vertebrates
Avihepatovirus	vertebrates
Avihepevirus	vertebrates
Avipoxvirus	vertebrates
Avisivirus	vertebrates
Avocadovirus	bacteria
Avsunviroid	plants
Avunavirus	bacteria
Axeltriavirus	bacteria
Axomammavirus	bacteria
Ayakvirus	bacteria
Ayaqvirus	bacteria
Ayohtrevirus	bacteria
Azorudivirus	archaea
Babosmacovirus	vertebrates
Babusatellite	plants
Babuvirus	plants
Bacelvirus	bacteria
Bacillarnavirus	algae
Backyardiganvirus	bacteria
Badaguanvirus	bacteria
Badaztecvirus	bacteria
Badnavirus	plants
Bafinivirus	vertebrates
Bahdevuvirus	bacteria
Bahnicevirus	bacteria
Bahscuvirus	bacteria
Baikalvirus	bacteria
Baileybluvirus	bacteria
Bakolyvirus	bacteria
Baltimorevirus	bacteria
Baltivirus	bacteria
Banchanvirus	bacteria
Bandavirus	invertebrates+vertebrates
Banmivirus	plants
Bantamvirus	bacteria
Baoshanvirus	bacteria
Barbavirus	bacteria
Barhavirus	invertebrates
Barnavirus	fungi
Barnyardvirus	bacteria
Bartonegtaviriform	bacteria
Basiliskvirus	bacteria
Bastillevirus	bacteria
Bathrivirus	bacteria
Batravirus	vertebrates
Bavovirus	vertebrates
Baxterfoxvirus	bacteria
Baylorvirus	bacteria
Bcepfunavirus	bacteria
Bcepmuvirus	bacteria
Bdellomicrovirus	bacteria
Beceayunavirus	bacteria
Becedseptimavirus	bacteria
Becurtovirus	plants
Beecentumtrevirus	bacteria
Beejeyvirus	archaea
Beenievirus	bacteria
Beetrevirus	bacteria
Begomovirus	invertebrates+plants
Behevivirus	bacteria
Behlfluvirus	bacteria
Behunavirus	bacteria
Beidivirus	invertebrates
Belbovirus	bacteria
Bellamyvirus	bacteria
Bembunaquatrovirus	bacteria
Bendigovirus	bacteria
Benedictvirus	bacteria
Benyvirus	plants
Beograduvirus	bacteria
Bequatrovirus	bacteria
Berdovirus	bacteria
Berhavirus	invertebrates
Berlinvirus	bacteria
Bernalvirus	bacteria
Bertavirus	bacteria
Bertelyvirus	bacteria
Beshanovirus	bacteria
Besingivirus	bacteria
Betaarterivirus	vertebrates
Betabaculovirus	invertebrates
Betabotoulivirus	algae+fungi
Betacarmovirus	plants
Betachrysovirus	fungi
Betacoronavirus	vertebrates
Betadintovirus	vertebrates
Betaendornavirus	fungi
Betaentomopoxvirus	invertebrates
Betafusarivirus	fungi
Betafusellovirus	archaea
Betaguttavirus	archaea
Betahymrhavirus	invertebrates
Betahypovirus	fungi
Betainfluenzavirus	vertebrates
Betalipothrixvirus	archaea
Betanecrovirus	plants
Betanemrhavirus	invertebrates
Betanodavirus	vertebrates
Betanucleorhabdovirus	plants
Betanudivirus	invertebrates
Betapapillomavirus	vertebrates
Betapaprhavirus	invertebrates
Betapartitivirus	fungi+plants
Betapleolipovirus	archaea
Betapolyomavirus	vertebrates
Betaretrovirus	vertebrates
Betarhizoulivirus	fungi
Betaricinrhavirus	invertebrates
Betasatellite	plants
Betascleroulivirus	algae+fungi
Betatectivirus	bacteria
Betatetravirus	invertebrates
Betatorquevirus	vertebrates
Betatristromavirus	archaea
Betayadokarivirus	fungi
Betterkatzvirus	bacteria
Bevemovirus	plants
Biavirus	algae
Bicaudavirus	archaea
Bicehmovirus	bacteria
Bidensovirus	invertebrates
Bidhavirus	bacteria
Bielevirus	bacteria
Bievrevirus	bacteria
Bifilivirus	bacteria
Bifseptvirus	bacteria
Bigmanorsvirus	bacteria
Bignuzvirus	bacteria
Bihdovirus	bacteria
Bilifuvirus	bacteria
Bingvirus	bacteria
Bippervirus	bacteria
Biquartavirus	bacteria
Birdsnestvirus	bacteria
Birpovirus	bacteria
Bisdanovirus	bacteria
Biseptimavirus	bacteria
Bixiavirus	bacteria
Bixzunavirus	bacteria
Bjornvirus	bacteria
Blafavirus	bacteria
Blattambidensovirus	invertebrates+vertebrates
Blinduvirus	bacteria
Blohavirus	bacteria
Blosnavirus	vertebrates
Blunervirus	plants
Bluvavirus	plants
Bocaparvovirus	vertebrates
Bocovirus	bacteria
Bohnovirus	bacteria
Bohwovirus	bacteria
Bohxovirus	bacteria
Bolenivirus	invertebrates
Boloprevirus	bacteria
Bonaevitaevirus	bacteria
Bonghivirus	bacteria
Bongovirus	bacteria
Bonnellvirus	bacteria
Bonzesmacovirus	vertebrates
Boosepivirus	vertebrates
Bopivirus	vertebrates
Borockvirus	bacteria
Bosavirus	bacteria
Boschuvirus	bacteria
Boscovirus	invertebrates
Bossavirus	vertebrates
Bostasmacovirus	vertebrates
Bostovirus	vertebrates
Botoulivirus	algae+fungi
Botrexvirus	fungi
Botrytimonavirus	fungi+phytobiome (S)
Bottigliavirus	archaea
Botybirnavirus	fungi
Bovismacovirus	invertebrates+vertebrates
Bovispumavirus	vertebrates
Bowservirus	bacteria
Bracchivirus	bacteria
Brachyspigtaviriform	bacteria
Bracoviriform	invertebrates
Bragavirus	bacteria
Brambyvirus	plants
Branisovskavirus	bacteria
Breudwovirus	bacteria
Brevihamaparvovirus	invertebrates
Bridgettevirus	bacteria
Brigitvirus	bacteria
Brikhyavirus	bacteria
Bristolvirus	bacteria
Britbratvirus	bacteria
Brizovirus	bacteria
Broinstvirus	bacteria
Bromdenvirus	bacteria
Bromovirus	plants
Bronvirus	bacteria
Brucesealvirus	bacteria
Brudgevirus	bacteria
Brujitavirus	bacteria
Brunovirus	bacteria
Brussowvirus	bacteria
Bruynoghevirus	bacteria
Buchananvirus	bacteria
Buchavirus	bacteria
Bucovirus	bacteria
Buhdavirus	bacteria
Buhlduvirus	bacteria
Bundooravirus	bacteria
Buorbuivirus	bacteria
Burrovirus	bacteria
Burzaovirus	bacteria
Busanvirus	bacteria
Bymovirus	plants
Byrnievirus	bacteria
Cacepaovirus	bacteria
Caecilivirus	vertebrates
Caelumvirus	bacteria
Caeruleovirus	bacteria
Cahdavirus	bacteria
Cahrlavirus	bacteria
Cahrpivirus	bacteria
Cahtavirus	bacteria
Cahtebovirus	bacteria
Caligrhavirus	invertebrates
Callevirus	bacteria
Caloevirus	bacteria
Caminolopintovirus	bacteria
Campanilevirus	bacteria
Camtrevirus	bacteria
Camvirus	bacteria
Canhaevirus	bacteria
Canoevirus	bacteria
Cantarevirus	bacteria
Capillovirus	plants
Capistrivirus	bacteria
Capnelvirus	bacteria
Capripoxvirus	vertebrates
Captovirus	archaea
Capulavirus	plants
Capvunavirus	bacteria
Carbovirus	vertebrates
Cardiovirus	vertebrates
Cardoreovirus	invertebrates
Carettavirus	bacteria
Carjivirus	bacteria
Carlavirus	plants
Carltongylesvirus	bacteria
Carmenvirus	bacteria
Carnodivirus	bacteria
Caroctavirus	bacteria
Carpasinavirus	bacteria
Carvajevirus	bacteria
Casadabanvirus	bacteria
Catalunyavirus	bacteria
Catfishvirus	bacteria
Catindovirus	bacteria
Cauhldivirus	bacteria
Caulimovirus	plants
Cavemovirus	plants
Cavevirus	bacteria
Cbastvirus	bacteria
Cbunavirus	bacteria
Cebadecemvirus	bacteria
Cebevirus	bacteria
Ceceduovirus	bacteria
Cecivirus	bacteria
Cedarrivervirus	bacteria
Ceduovirus	bacteria
Ceetrepovirus	bacteria
Cehakivirus	bacteria
Cehntrovirus	bacteria
Celavirus	plants
Celiavirus	bacteria
Cellubavirus	bacteria
Cenphatecvirus	bacteria
Centapoxvirus	vertebrates
Cepunavirus	bacteria
Cequinquevirus	bacteria
Certevirus	bacteria
Certrevirus	bacteria
Cervidpoxvirus	vertebrates
Cetarhavirus	vertebrates
Cetovirus	bacteria
Chaedoavirus	bacteria
Chahsmivirus	bacteria
Chakrabartyvirus	bacteria
Chalconvirus	bacteria
Changchunvirus	bacteria
Chaoshanvirus	bacteria
Chaovirus	archaea
Chaphamaparvovirus	vertebrates
Charlievirus	bacteria
Charybdisvirus	bacteria
Charybdivirus	invertebrates
Charybnivirus	invertebrates
Chatterjeevirus	bacteria
Chenonavirus	bacteria
Cheoctovirus	bacteria
Cheravirus	plants
Chertseyvirus	bacteria
Cheungvirus	bacteria
Chiangmaivirus	bacteria
Chidieberevirus	bacteria
Chihyovirus	bacteria
Chimpavirus	bacteria
Chimshavirus	vertebrates
Chinihovirus	bacteria
Chipapillomavirus	vertebrates
Chipolycivirus	invertebrates
Chirohepevirus	vertebrates
Chitorquevirus	vertebrates
Chivirus	bacteria
Chlamydiamicrovirus	bacteria
Chloriridovirus	invertebrates
Chlorovirus	algae
Chlurivirus	bacteria
Chobevirus	bacteria
Choctavirus	bacteria
Chopinvirus	bacteria
Chordovirus	plants
Chorovirus	bacteria
Chosvirus	bacteria
Chounavirus	bacteria
Christensenvirus	bacteria
Chrysonvirus	bacteria
Chuhaivirus	bacteria
Chunghsingvirus	bacteria
Chuvivirus	invertebrates
Cicadellivirus	invertebrates
Cihsnivirus	bacteria
Cilevirus	invertebrates+plants
Cimandefvirus	bacteria
Cimpunavirus	bacteria
Cinqassovirus	bacteria
Cintrevirus	bacteria
Cinunavirus	bacteria
Circovirus	invertebrates+vertebrates
Citexvirus	bacteria
Citlodavirus	plants
Citricivirus	invertebrates
Citrivirus	plants
Citrovirus	bacteria
Clampvirus	archaea
Claudivirus	bacteria
Clavavirus	archaea
Clawzvirus	bacteria
Clecrusatellite	plants
Clitovirus	bacteria
Closterovirus	plants
Clostunsatellite	plants
Clownvirus	bacteria
Coatlandelriovirus	bacteria
Cobrasixvirus	bacteria
Cocadviroid	plants
Coccolithovirus	algae
Cocosatellite	plants
Coetzeevirus	bacteria
Coeurvirus	bacteria
Cofodevirus	plants
Coguvirus	fungi+plants
Cohcovirus	bacteria
Cohrdavirus	bacteria
Colecusatellite	plants
Coleviroid	plants
Colneyvirus	bacteria
Colossusvirus	bacteria
Coltivirus	invertebrates+vertebrates
Colunavirus	bacteria
Comovirus	plants
Condavirus	bacteria
Controvirus	bacteria
Coopervirus	bacteria
Copasivirus	invertebrates
Copernicusvirus	bacteria
Copiparvovirus	vertebrates
Coprasatellite	plants
Coralvirus	bacteria
Coriovirus	bacteria
Corndogvirus	bacteria
Cornellvirus	bacteria
Cornievirus	bacteria
Corticovirus	bacteria
Coruscantvirus	bacteria
Cosavirus	vertebrates
Cosmacovirus	vertebrates
Cotonvirus	protists
Coventryvirus	bacteria
Crahelivirus	vertebrates
Craquatrovirus	bacteria
Creshivirus	bacteria
Crifsvirus	bacteria
Crinivirus	plants
Cripavirus	invertebrates
Crocodylidpoxvirus	vertebrates
Crohivirus	vertebrates
Cronosvirus	bacteria
Cronusvirus	bacteria
Crustavirus	invertebrates
Cryspovirus	protists
Cuauhnahuacvirus	bacteria
Cuauhtlivirus	bacteria
Cucumovirus	plants
Cuernavacavirus	bacteria
Cuevavirus	vertebrates
Cukevirus	bacteria
Culicidavirus	invertebrates
Culoivirus	bacteria
Cultervirus	vertebrates
Cunarovirus	bacteria
Cunavirus	bacteria
Curiovirus	invertebrates
Curtovirus	plants
Cyamitesvirus	bacteria
Cybitervirus	invertebrates
Cyclitvirus	bacteria
Cyclophivirus	vertebrates
Cyclovirus	invertebrates+plants+vertebrates
Cymopoleiavirus	bacteria
Cynoglossusvirus	vertebrates
Cypovirus	invertebrates
Cystovirus	bacteria
Cytomegalovirus	vertebrates
Cytorhabdovirus	invertebrates+plants
Cyvirus	vertebrates
Daazvirus	vertebrates
Dabirmavirus	bacteria
Daemvirus	bacteria
Dagavirus	bacteria
Dagazvirus	vertebrates
Dahmuivirus	bacteria
Dahmuvirus	bacteria
Dalettorquevirus	vertebrates
Daletvirus	vertebrates
Dalianvirus	bacteria
Dalvirus	vertebrates
Damravirus	invertebrates
Danipivirus	vertebrates
Daphniairidovirus	invertebrates
Dardanusvirus	bacteria
Daredevilvirus	bacteria
Darnbovirus	bacteria
Decadevirus	bacteria
Decapodiridovirus	invertebrates
Dechshavirus	bacteria
Decurrovirus	bacteria
Deepoceanvirus	archaea
Deevirus	vertebrates
Dehcevirus	bacteria
Dehgumevirus	bacteria
Dehkhevirus	bacteria
Delepquintavirus	bacteria
Delislevirus	bacteria
Delmidovirus	bacteria
Deltaarterivirus	vertebrates
Deltabaculovirus	invertebrates
Deltacoronavirus	vertebrates
Deltaentomopoxvirus	invertebrates
Deltaflexivirus	fungi+plants
Deltahypovirus	invertebrates
Deltainfluenzavirus	vertebrates
Deltalipothrixvirus	archaea
Deltanudivirus	invertebrates
Deltapapillomavirus	vertebrates
Deltapartitivirus	plants
Deltapolyomavirus	vertebrates
Deltaretrovirus	vertebrates
Deltasatellite	plants
Deltascleroulivirus	algae+fungi
Deltatectivirus	bacteria
Deltatorquevirus	vertebrates
Deltavirus	vertebrates
Delusorvirus	archaea
Demapteravirus	invertebrates
Demiitzamnavirus	archaea
Demosthenesvirus	bacteria
Dendoorenvirus	bacteria
Denfovirus	bacteria
Denisevirus	bacteria
Denvervirus	bacteria
Depandovirus	bacteria
Dependoparvovirus	vertebrates
Derbicusvirus	bacteria
Deseoctovirus	bacteria
Detrevirus	bacteria
Deurplevirus	bacteria
Dexdertvirus	bacteria
Dhakavirus	bacteria
Dhillonvirus	bacteria
Dianlovirus	vertebrates
Dianthovirus	plants
Diatodnavirus	algae
Dibaevirus	bacteria
Dibbivirus	bacteria
Dichorhavirus	invertebrates+plants
Diciambidensovirus	invertebrates
Dicipivirus	vertebrates
Diegovirus	bacteria
Dihsdivirus	bacteria
Dilzevirus	bacteria
Dinavirus	bacteria
Dinodnavirus	algae
Dinogtaviriform	bacteria
Dinornavirus	algae
Dinovernavirus	invertebrates
Diorhovirus	bacteria
Dioscovirus	plants
Diresapivirus	vertebrates
Dismasvirus	bacteria
Divavirus	plants
Diydovirus	bacteria
Dobrovirus	vertebrates
Dohlivirus	bacteria
Dohnjavirus	bacteria
Doliuvirus	invertebrates
Dolusvirus	archaea
Donellivirus	bacteria
Dongdastvirus	bacteria
Dorisvirus	bacteria
Dosmizivirus	bacteria
Doucettevirus	bacteria
Douglaswolinvirus	bacteria
Doupovirus	invertebrates
Dpdavirus	archaea
Draflysatellite	invertebrates
Dragolirvirus	bacteria
Dragsmacovirus	invertebrates
Draselvirus	invertebrates
Drivevirus	bacteria
Dronavirus	invertebrates
Drosmacovirus	vertebrates
Drulisvirus	bacteria
Drunivirus	invertebrates
Duamitovirus	fungi+plants
Dubowvirus	bacteria
Dubuvirus	bacteria
Dugnivirus	bacteria
Duhcivirus	bacteria
Dunedinvirus	bacteria
Duodecimduovirus	bacteria
Duonihilunusvirus	bacteria
Dybvigvirus	bacteria
Dyochipapillomavirus	vertebrates
Dyodeltapapillomavirus	vertebrates
Dyoepsilonpapillomavirus	vertebrates
Dyoetapapillomavirus	vertebrates
Dyoiotapapillomavirus	vertebrates
Dyokappapapillomavirus	vertebrates
Dyolambdapapillomavirus	vertebrates
Dyomupapillomavirus	vertebrates
Dyonupapillomavirus	vertebrates
Dyoomegapapillomavirus	vertebrates
Dyoomikronpapillomavirus	vertebrates
Dyophipapillomavirus	vertebrates
Dyopipapillomavirus	vertebrates
Dyopsipapillomavirus	vertebrates
Dyorhopapillomavirus	vertebrates
Dyosigmapapillomavirus	vertebrates
Dyotaupapillomavirus	vertebrates
Dyothetapapillomavirus	vertebrates
Dyoupsilonpapillomavirus	vertebrates
Dyoxipapillomavirus	vertebrates
Dyozetapapillomavirus	vertebrates
Eagleeyevirus	bacteria
Eapunavirus	bacteria
Eastlansingvirus	bacteria
Eceepunavirus	bacteria
Eclunavirus	bacteria
Edenvirus	bacteria
Efbeekayvirus	bacteria
Efekovirus	bacteria
Efquatrovirus	bacteria
Eganvirus	bacteria
Eiauvirus	bacteria
Eilatmyovirus	archaea
Eisenstarkvirus	bacteria
Elaviroid	plants
Eldridgevirus	bacteria
Electravirus	bacteria
Elemovirus	bacteria
Elerivirus	bacteria
Elmenteitavirus	bacteria
Elpedvirus	bacteria
Elunavirus	bacteria
Elveevirus	bacteria
Elvirus	bacteria
Emalynvirus	bacteria
Emaravirus	plants
Emcearvirus	bacteria
Emdodecavirus	bacteria
Emesvirus	bacteria
Emnonavirus	bacteria
Emperorvirus	bacteria
Empivirus	bacteria
Enamovirus	plants
Enchivirus	bacteria
Endehruvirus	bacteria
Endlipuvirus	bacteria
Eneladusvirus	bacteria
Enfavirus	bacteria
Enhodamvirus	bacteria
Enquatrovirus	bacteria
Enterogokushovirus	bacteria
Enterovirus	vertebrates
Entnonagintavirus	bacteria
Entomobirnavirus	invertebrates
Entovirus	fungi
Eosonovirus	bacteria
Eowynvirus	bacteria
Epaquintavirus	bacteria
Ephemerovirus	invertebrates+vertebrates
Eponavirus	bacteria
Epseptimavirus	bacteria
Epsilonarterivirus	vertebrates
Epsilonhypovirus	fungi
Epsilonpapillomavirus	vertebrates
Epsilonpolyomavirus	vertebrates
Epsilonretrovirus	vertebrates
Epsilonscleroulivirus	algae+fungi
Epsilontectivirus	bacteria
Epsilontorquevirus	vertebrates
Equispumavirus	vertebrates
Eracentumvirus	bacteria
Eragrovirus	plants
Erbovirus	vertebrates
Eregrovirus	bacteria
Ericdabvirus	bacteria
Erimutivirus	bacteria
Ermolevavirus	bacteria
Errantivirus	invertebrates
Erskinevirus	bacteria
Erythroparvovirus	vertebrates
Espurtavirus	bacteria
Etaarterivirus	vertebrates
Etahypovirus	fungi
Etapapillomavirus	vertebrates
Etapolyomavirus	vertebrates
Etatorquevirus	vertebrates
Etdyvivirus	bacteria
Eurybiavirus	bacteria
Evevirus	bacteria
Exceevirus	bacteria
Eyrevirus	bacteria
Fabavirus	plants
Fabenesatellite	plants
Fadolivirus	protists
Fagihovirus	bacteria
Fagihyuvirus	bacteria
Fahrmivirus	bacteria
Fairfaxidumvirus	bacteria
Faithunavirus	bacteria
Fajavirus	bacteria
Farahnazvirus	bacteria
Fattrevirus	bacteria
Faunusvirus	bacteria
Faustvirus	bacteria
Febihevirus	bacteria
Fejonovirus	bacteria
Felipivirus	vertebrates
Felismacovirus	vertebrates
Felispumavirus	vertebrates
Felixounavirus	bacteria
Felsduovirus	bacteria
Fengtaivirus	bacteria
Feofaniavirus	bacteria
Ferahgovirus	bacteria
Feravirus	invertebrates
Ferlavirus	vertebrates
Fernvirus	bacteria
Ferozepurvirus	bacteria
Fibralongavirus	bacteria
Fibrovirus	bacteria
Ficleduovirus	bacteria
Fijivirus	invertebrates+plants
Finchvirus	bacteria
Finnlakevirus	bacteria
Finvirus	bacteria
Fionnbharthvirus	bacteria
Fipivirus	vertebrates
Fipvunavirus	bacteria
Firavirus	bacteria
Firehammervirus	bacteria
Firingavirus	bacteria
Firunevirus	bacteria
Fischettivirus	bacteria
Fishburnevirus	bacteria
Fiyodovirus	bacteria
Flagovirus	archaea
Flaumdravirus	bacteria
Fletchervirus	bacteria
Flowerpowervirus	bacteria
Fluruvirus	bacteria
Foetvirus	bacteria
Fohxhuevirus	bacteria
Formivirus	invertebrates
Forzavirus	bacteria
Foturvirus	bacteria
Foussvirus	bacteria
Foveavirus	plants
Fowlmouthvirus	bacteria
Foxborovirus	bacteria
Foxquatrovirus	bacteria
Foxunavirus	bacteria
Franklinbayvirus	bacteria
Fraservirus	vertebrates
Fremauxvirus	bacteria
Freyavirus	bacteria
Friunavirus	bacteria
Frobavirus	bacteria
Fromanvirus	bacteria
Fudhoevirus	bacteria
Fukuivirus	bacteria
Furovirus	plants
Fussvirus	bacteria
Gahlinevirus	bacteria
Gahlovirus	bacteria
Gahmegovirus	bacteria
Gaiavirus	bacteria
Gajwadongvirus	bacteria
Galateavirus	bacteria
Galaxyvirus	bacteria
Galenevirus	bacteria
Gallantivirus	plants
Gallivirus	vertebrates
Galunavirus	bacteria
Galvastonvirus	bacteria
Galvornvirus	protists (S)
Gamaleyavirus	bacteria
Gambievirus	invertebrates
Gammaarterivirus	vertebrates
Gammabaculovirus	invertebrates
Gammacarmovirus	plants
Gammacoronavirus	vertebrates
Gammaentomopoxvirus	invertebrates
Gammaflexivirus	fungi
Gammafusarivirus	fungi
Gammahypovirus	fungi
Gammainfluenzavirus	vertebrates
Gammanucleorhabdovirus	plants
Gammanudivirus	invertebrates
Gammapapillomavirus	vertebrates
Gammapartitivirus	fungi
Gammapleolipovirus	archaea
Gammapolyomavirus	vertebrates
Gammaretrovirus	vertebrates
Gammascleroulivirus	algae+fungi
Gammatectivirus	bacteria
Gammatorquevirus	vertebrates
Gamtrevirus	bacteria
Ganiavirus	invertebrates
Gaprivervirus	bacteria
Garnievirus	bacteria
Garovuvirus	bacteria
Gaunavirus	bacteria
Gediminasvirus	bacteria
Gegavirus	bacteria
Gegevirus	bacteria
Gehnevirus	bacteria
Gehrmavirus	bacteria
Gelderlandvirus	bacteria
Gemsvirus	bacteria
Gemycircularvirus	fungi+invertebrates+plants+sewage (S)+vertebrates
Gemyduguivirus	invertebrates+plants+vertebrates
Gemygorvirus	plants+sewage (S)+vertebrates
Gemykibivirus	invertebrates+plants+sewage (S)+vertebrates
Gemykolovirus	invertebrates+plants+vertebrates
Gemykrogvirus	invertebrates+sewage (S)+vertebrates
Gemykroznavirus	invertebrates+plants+vertebrates
Gemytondvirus	vertebrates
Gemytripvirus	fungi
Gemyvongvirus	vertebrates
Gequatrovirus	bacteria
Gernuduvirus	bacteria
Gervaisevirus	bacteria
Gesputvirus	bacteria
Getalongvirus	bacteria
Getseptimavirus	bacteria
Ghobesvirus	bacteria
Ghunavirus	bacteria
Giardiavirus	protists
Gibbetvirus	bacteria
Gifriavirus	bacteria
Gihfavirus	bacteria
Gilesvirus	bacteria
Gillianvirus	bacteria
Gilsonvirus	bacteria
Gimaduovirus	bacteria
Gimeltorquevirus	vertebrates
Gladiatorvirus	bacteria
Glaedevirus	bacteria
Glamdringvirus	protists (S)
Glaucusvirus	bacteria
Glazvirus	archaea
Glincaevirus	bacteria
Glossinavirus	invertebrates
Glyciruvirus	bacteria
Gmuhndevirus	bacteria
Godonkavirus	bacteria
Goettingenvirus	bacteria
Gofduovirus	bacteria
Gohshovirus	bacteria
Gonggongvirus	bacteria
Goodmanvirus	bacteria
Goravirus	plants
Gordonvirus	bacteria
Gordtnkvirus	bacteria
Gorganvirus	bacteria
Gorjumvirus	bacteria
Gorodievirus	bacteria
Goslarvirus	bacteria
Gosmusatellite	plants
Goukovirus	invertebrates
Grablovirus	plants
Graikaemvirus	bacteria
Gredihovirus	bacteria
Greenvirus	bacteria
Gregsiragusavirus	bacteria
Grendvuvirus	bacteria
Grisebachstrassevirus	bacteria
Grondvirus	protists (S)
Gruhelivirus	vertebrates
Grusopivirus	vertebrates
Grutrevirus	bacteria
Gruunavirus	bacteria
Gualtarvirus	bacteria
Guelphvirus	bacteria
Gulmivirus	bacteria
Gunawavirus	bacteria
Gundelvirus	bacteria
Gustavvirus	bacteria
Gutovirus	bacteria
Gwanakrovirus	bacteria
Gyeongsanvirus	bacteria
Gylbovirus	invertebrates
Gyrovirus	vertebrates
Habenivirus	bacteria
Hacavirus	archaea
Hacihdavirus	bacteria
Hadakavirus	fungi
Hadassahvirus	bacteria
Haetaevirus	bacteria
Hagavirus	bacteria
Hagravirus	archaea
Hahdsevirus	bacteria
Hahkesevirus	bacteria
Haifavirus	bacteria
Halcalevirus	bacteria
Halcyonevirus	bacteria
Haloferacalesvirus	archaea
Halohivirus	archaea
Hanrivervirus	bacteria
Hapavirus	invertebrates+vertebrates
Hapunavirus	bacteria
Harambevirus	bacteria
Harbinvirus	bacteria
Harkavirus	vertebrates
Harrekavirus	bacteria
Harrisonburgvirus	bacteria
Harrisonvirus	bacteria
Hartmanivirus	vertebrates
Hatrivirus	archaea
Hattifnattvirus	bacteria
Hautrevirus	bacteria
Hawkeyevirus	bacteria
Hedwigvirus	bacteria
Hehrovirus	bacteria
Hehspivirus	bacteria
Heilongjiangvirus	bacteria
Helacdivirus	bacteria
Heliosvirus	algae
Helsettvirus	bacteria
Helsingorvirus	bacteria
Hemiambidensovirus	invertebrates
Hemipivirus	vertebrates
Hemipvirus	invertebrates
Hemivirus	algae+fungi+invertebrates
Hemphillvirus	bacteria
Henifovirus	bacteria
Henipavirus	vertebrates
Henunavirus	bacteria
Henuseptimavirus	bacteria
Hepacivirus	vertebrates
Hepanhamaparvovirus	invertebrates
Hepatovirus	vertebrates
Herbevirus	invertebrates
Herpetohepadnavirus	vertebrates
Herugrimvirus	protists (S)
Hestiavirus	bacteria
Hetorquevirus	vertebrates
Heverleevirus	bacteria
Hexartovirus	invertebrates
Hicfunavirus	bacteria
Higashivirus	bacteria
Higrevirus	plants
Hihdivirus	bacteria
Hinehbovirus	bacteria
Hiroshimavirus	bacteria
Hirvovirus	bacteria
Hiyaavirus	bacteria
Hnatkovirus	bacteria
Hohglivirus	bacteria
Hohltdevirus	bacteria
Hohrdovirus	bacteria
Hollowayvirus	bacteria
Holosalinivirus	bacteria
Homburgvirus	bacteria
Homochaacvirus	archaea
Hongcheonvirus	bacteria
Hopescreekvirus	bacteria
Hoplichthysvirus	vertebrates
Hoptevirus	invertebrates
Hordeivirus	plants
Horusvirus	bacteria
Horwuvirus	invertebrates
Hostuviroid	plants
Hoswirudivirus	archaea
Howevirus	bacteria
Hpunavirus	bacteria
Huanghaivirus	bacteria
Huangshavirus	bacteria
Hubavirus	invertebrates
Hubeivirus	bacteria
Hubramonavirus	fungi+invertebrates (S)+phytobiome (S)+soil (S)
Huchismacovirus	vertebrates
Hudivirus	invertebrates
Hudovirus	invertebrates
Huelvavirus	bacteria
Huhbevirus	bacteria
Huhmpluvirus	bacteria
Hukohnovirus	bacteria
Hukuchivirus	bacteria
Huleruivirus	bacteria
Hungariovirus	bacteria
Hunnivirus	vertebrates
Huohcivirus	bacteria
Hupolycivirus	invertebrates
Huylevirus	bacteria
Hyjrovirus	bacteria
Hylipavirus	bacteria
Hymovirus	invertebrates
Hysdruvirus	bacteria
Hzauvirus	bacteria
Iaduovirus	bacteria
Iapetusvirus	bacteria
Icepovirus	bacteria
Icerudivirus	archaea
Ichnoviriform	invertebrates
Ichonovirus	bacteria
Ichtadenovirus	vertebrates
Ichtchaphamaparvovirus	vertebrates
Ictavirus	vertebrates
Icumivirus	bacteria
Idaeovirus	plants
Ideskevirus	bacteria
Idnoreovirus	invertebrates
Iflavirus	invertebrates
Iggyvirus	bacteria
Igirivirus	bacteria
Ikedavirus	bacteria
Ilarvirus	plants
Illuinvirus	protists (S)
Iltovirus	vertebrates
Ilzatvirus	bacteria
Imeberivirus	bacteria
Immanueltrevirus	bacteria
Immutovirus	bacteria
Imvubuvirus	bacteria
Inbricusvirus	bacteria
Incheonvirus	bacteria
Indlulamithivirus	bacteria
Ineyimevirus	bacteria
Infratovirus	vertebrates
Infulavirus	bacteria
Ingelinevirus	bacteria
Inhavirus	bacteria
Innesvirus	bacteria
Innmovirus	freshwater (S)
Inovirus	bacteria
Inpeasmacovirus	vertebrates
Insbruvirus	bacteria
Intasivirus	bacteria
Invictavirus	invertebrates
Iodovirus	bacteria
Ionavirus	bacteria
Iotaarterivirus	vertebrates
Iotapapillomavirus	vertebrates
Iotatorquevirus	vertebrates
Ipivevirus	bacteria
Ipomovirus	plants
Iridovirus	invertebrates
Irrigatiovirus	bacteria
Irtavirus	bacteria
Iruqauvirus	bacteria
Isavirus	vertebrates
Ishigurovirus	bacteria
Ishugivirus	bacteria
Isoihlovirus	bacteria
Isoldevirus	bacteria
Itarudivirus	archaea
Iteradensovirus	invertebrates
Ithacavirus	bacteria
Ittyvirus	bacteria
Ivolevirus	bacteria
Iwahcevirus	bacteria
Ixovirus	invertebrates
Jacevirus	bacteria
Jacunavirus	bacteria
Jahgtovirus	bacteria
Jalkavirus	bacteria
Jamesmcgillvirus	bacteria
Janusvirus	bacteria
Japarudivirus	archaea
Jargovirus	bacteria
Jarilovirus	bacteria
Jarrellvirus	bacteria
Jasminevirus	bacteria
Jedunavirus	bacteria
Jeilongvirus	vertebrates
Jelitavirus	bacteria
Jenstvirus	bacteria
Jeonjuvirus	bacteria
Jerseyvirus	bacteria
Jesfedecavirus	bacteria
Jhansiroadvirus	bacteria
Jiangsuvirus	bacteria
Jiaodavirus	bacteria
Jiaoyazivirus	bacteria
Jiesduavirus	bacteria
Jiforsuvirus	bacteria
Jilinvirus	bacteria
Jimmervirus	bacteria
Johnovirus	bacteria
Johnsonvirus	bacteria
Jolieduovirus	bacteria
Jonvirus	invertebrates
Jouyvirus	bacteria
Juiceboxvirus	bacteria
Jujuvirus	bacteria
Julieunavirus	bacteria
Junavirus	bacteria
Junduvirus	bacteria
Jupbevirus	bacteria
Justusliebigvirus	bacteria
Jwalphavirus	bacteria
Kablunavirus	bacteria
Kafavirus	bacteria
Kafunavirus	bacteria
Kagamiyamavirus	bacteria
Kagunavirus	bacteria
Kahfsdivirus	bacteria
Kahnayevirus	bacteria
Kahnovirus	bacteria
Kahraivirus	bacteria
Kahshuvirus	bacteria
Kahucivirus	bacteria
Kairosalinivirus	bacteria
Kajamvirus	bacteria
Kakivirus	bacteria
Kalppathivirus	bacteria
Kamchatkavirus	bacteria
Kanagawavirus	bacteria
Kanaloavirus	bacteria
Kantovirus	bacteria
Kaohsiungvirus	bacteria
Kapieceevirus	bacteria
Kappaarterivirus	vertebrates
Kappapapillomavirus	vertebrates
Kappatorquevirus	vertebrates
Karamvirus	bacteria
Karezivirus	bacteria
Karimacvirus	bacteria
Kayeltresvirus	bacteria
Kayfunavirus	bacteria
Kaypoctavirus	bacteria
Kayvirus	bacteria
Kecijavirus	bacteria
Kecuhnavirus	bacteria
Keghovirus	bacteria
Kehishuvirus	bacteria
Kehmevirus	bacteria
Kehruavirus	bacteria
Keisodnavirus	algae
Kelleziovirus	bacteria
Kelmasvirus	bacteria
Kelquatrovirus	bacteria
Kembevirus	bacteria
Kemicevirus	bacteria
Kemiovirus	bacteria
Kempsvovirus	bacteria
Kenamavirus	bacteria
Kenoshavirus	bacteria
Kenyattavirus	bacteria
Kerishovirus	bacteria
Keshuvirus	bacteria
Keylargovirus	bacteria
Khurdivirus	invertebrates+vertebrates
Kieseladnavirus	invertebrates+marine (S)
Kihrivirus	bacteria
Kihryuvirus	bacteria
Kihsiravirus	bacteria
Kilunavirus	bacteria
Kimihcavirus	bacteria
Kimonavirus	bacteria
Kingevirus	bacteria
Kinglevirus	bacteria
Kirikabuvirus	bacteria
Kirnavirus	bacteria
Kirovvirus	bacteria
Kisinvirus	archaea
Kisquattuordecimvirus	bacteria
Kisquinquevirus	bacteria
Kiwsmaevirus	bacteria
Klausavirus	bacteria
Kleczkowskavirus	bacteria
Klementvirus	bacteria
Klosterneuburgvirus	bacteria
Klumppvirus	bacteria
Knuthellervirus	bacteria
Kobbarisatellite	plants
Kobuvirus	vertebrates
Kochikohdavirus	bacteria
Kochitakasuvirus	bacteria
Kohmavirus	bacteria
Kojivirus	bacteria
Kokobelvirus	bacteria
Kolesnikvirus	bacteria
Kolpuevirus	bacteria
Konkivirus	bacteria
Konmavirus	bacteria
Konstantinevirus	bacteria
Korravirus	bacteria
Kostyavirus	bacteria
Kotilavirus	bacteria
Koutsourovirus	bacteria
Kowinovirus	bacteria
Kozyakovvirus	bacteria
Krakvirus	bacteria
Krampusvirus	bacteria
Kratiovirus	bacteria
Kratosvirus	algae
Krischvirus	bacteria
Kroosvirus	bacteria
Krylovvirus	bacteria
Kryptosalinivirus	bacteria
Kudohovirus	bacteria
Kuhfotivirus	bacteria
Kuhshuvirus	bacteria
Kujavirus	bacteria
Kukrinivirus	vertebrates
Kukulkanvirus	archaea
Kuleanavirus	bacteria
Kumaovirus	bacteria
Kumottavirus	bacteria
Kungbxnavirus	bacteria
Kunmingvirus	bacteria
Kunsagivirus	vertebrates
Kuravirus	bacteria
Kusarnavirus	algae
Kuttervirus	bacteria
Kvaramitovirus	fungi
Kwaitsingvirus	bacteria
Kyanivirus	bacteria
Kylevirus	bacteria
Kyungwonvirus	bacteria
Labanvirus	bacteria
Labyrnavirus	algae
Lacnuvirus	bacteria
Lacusarxvirus	bacteria
Lafunavirus	bacteria
Lagaffevirus	bacteria
Lagovirus	vertebrates
Lahcomavirus	bacteria
Lahexavirus	bacteria
Lahndsivirus	bacteria
Laimuvirus	bacteria
Lakivirus	invertebrates
Lambavirus	vertebrates
Lambdaarterivirus	vertebrates
Lambdapapillomavirus	vertebrates
Lambdatorquevirus	vertebrates
Lambdavirus	bacteria
Lambovirus	bacteria
Laminvirus	archaea
Lanavirus	bacteria
Larmunavirus	bacteria
Laroyevirus	bacteria
Lasallevirus	bacteria
Lastavirus	bacteria
Latrobevirus	bacteria
Laulavirus	fungi+invertebrates
Lauvirus	bacteria
Lavrentievavirus	bacteria
Lazarusvirus	bacteria
Lazuovirus	bacteria
Lebriduvirus	bacteria
Ledantevirus	invertebrates+vertebrates
Lederbergvirus	bacteria
Leefvirus	bacteria
Lehptavirus	bacteria
Lehptevirus	bacteria
Leicestervirus	bacteria
Leishmaniavirus	protists
Lentavirus	bacteria
Lentimonavirus	fungi
Lentinuvirus	fungi
Lentivirus	vertebrates
Lenusvirus	bacteria
Leocovirus	invertebrates
Leonardvirus	bacteria
Leporipoxvirus	vertebrates
Lessievirus	bacteria
Leucotheavirus	bacteria
Libanvirus	bacteria
Libingvirus	bacteria
Lidleunavirus	bacteria
Liebevirus	bacteria
Liefievirus	bacteria
Lietduovirus	bacteria
Lightbulbvirus	bacteria
Lihvevirus	bacteria
Likavirus	bacteria
Lilbeanievirus	bacteria
Lillamyvirus	bacteria
Lilmcdreamyvirus	bacteria
Lilyvirus	bacteria
Limaivirus	bacteria
Limdunavirus	bacteria
Limelightvirus	bacteria
Limestonevirus	bacteria
Limnipivirus	vertebrates
Lincruvirus	invertebrates
Lindendrivevirus	bacteria
Lineavirus	bacteria
Lingvirus	bacteria
Lipsvirus	bacteria
Lirnavirus	bacteria
Lirvirus	bacteria
Littlefixvirus	bacteria
Litunavirus	bacteria
Livupivirus	vertebrates
Livvievirus	bacteria
Llyrvirus	bacteria
Loanvirus	vertebrates
Lobdovirus	bacteria
Locarnavirus	marine (S)
Loessnervirus	bacteria
Lohmavirus	bacteria
Lokivirus	bacteria
Lolavirus	plants
Lomnativirus	bacteria
Lomovskayavirus	bacteria
Lonfivirus	archaea
Longwoodvirus	bacteria
Lonzbavirus	bacteria
Lophivirus	bacteria
Loptevirus	bacteria
Loriparvovirus	vertebrates
Loslovirus	bacteria
Lostrhavirus	invertebrates
Loudonvirus	bacteria
Loughboroughvirus	bacteria
Lowelvirus	bacteria
Lubbockvirus	bacteria
Luchadorvirus	bacteria
Luckybarnesvirus	bacteria
Luckytenvirus	bacteria
Ludhianavirus	bacteria
Ludopivirus	vertebrates
Lughvirus	bacteria
Lullwatervirus	bacteria
Luloavirus	bacteria
Lulohlevirus	bacteria
Lumosvirus	bacteria
Luteovirus	plants
Luthavirus	bacteria
Luzseptimavirus	bacteria
Lwoffvirus	bacteria
Lyctovirus	vertebrates
Lygehevirus	bacteria
Lymphocryptovirus	vertebrates
Lymphocystivirus	vertebrates
Lyndovirus	bacteria
Lyssavirus	vertebrates
Maaswegvirus	bacteria
Macanavirus	plants
Macariavirus	bacteria
Macavirus	vertebrates
Macdonaldcampvirus	bacteria
Machinavirus	bacteria
Machlomovirus	plants
Macluravirus	plants
Macronovirus	invertebrates
Macropopoxvirus	vertebrates
Maculavirus	plants
Maculvirus	bacteria
Madalivirus	invertebrates
Madisduvirus	bacteria
Maenadvirus	bacteria
Magadivirus	bacteria
Magiavirus	bacteria
Magoulivirus	algae+fungi+plants
Mahdsavirus	bacteria
Mahjnavirus	bacteria
Mahlunavirus	bacteria
Mahqeavirus	bacteria
Mahrahovirus	bacteria
Mahraivirus	bacteria
Mahshuvirus	bacteria
Mahstovirus	bacteria
Majavirus	bacteria
Makaravirus	bacteria
Makelovirus	bacteria
Malagasivirus	vertebrates
Maldovirus	plants
Maltschvirus	bacteria
Mamastrovirus	vertebrates
Mammarenavirus	vertebrates
Manhattanvirus	bacteria
Manohtivirus	bacteria
Manovirus	bacteria
Manrohovirus	bacteria
Manticavirus	vertebrates
Manuelvirus	bacteria
Mapvirus	bacteria
Marafivirus	plants
Mardecavirus	bacteria
Mardivirus	vertebrates
Mareflavirus	bacteria
Marfavirus	bacteria
Marienburgvirus	bacteria
Marnavirus	algae
Marseillevirus	protists
Marskhivirus	bacteria
Marsupivirus	vertebrates
Martavirus	bacteria
Marthavirus	bacteria
Marvinvirus	bacteria
Mastadenovirus	vertebrates
Mastrevirus	plants
Matervirus	bacteria
Mathaucavirus	archaea
Matsuvirus	bacteria
Mavirus	protists
Maxdohrnvirus	bacteria
Maxrubnervirus	bacteria
Mazarbulvirus	protists (S)
Mazuvirus	bacteria
Mcgonagallvirus	bacteria
Meadowvirus	bacteria
Meblowovirus	bacteria
Mechlorovirus	invertebrates+plants
Medusavirus	protists
Megabirnavirus	fungi
Megalocytivirus	vertebrates
Megavirus	protists
Megrivirus	vertebrates
Mehraxmevirus	bacteria
Meihzavirus	bacteria
Mekintivirus	bacteria
Melvirus	bacteria
Mementomorivirus	bacteria
Menderavirus	bacteria
Menegrothvirus	protists (S)
Menthavirus	plants
Merhavirus	invertebrates
Mersinvirus	bacteria
Metaavulavirus	vertebrates
Metahepadnavirus	vertebrates
Metalloincertoparvovirus	invertebrates
Metamorphoovirus	bacteria
Metapneumovirus	vertebrates
Metavirus	fungi+invertebrates+plants+protists+vertebrates
Metforvirus	archaea
Methovirus	bacteria
Metrivirus	bacteria
Metsavirus	bacteria
Mexirudivirus	archaea
Mguuvirus	bacteria
Miamivirus	bacteria
Micavirus	bacteria
Microwolfvirus	bacteria
Midgardsormrvirus	bacteria
Mieseafarmvirus	bacteria
Mihkrovirus	bacteria
Milihnovirus	bacteria
Miltoncavirus	bacteria
Miltonvirus	bacteria
Milvetsatellite	plants
Mimasvirus	bacteria
Mimivirus	protists
Mimoreovirus	algae
Mincapvirus	archaea
Mingyongvirus	bacteria
Minhovirus	bacteria
Miniambidensovirus	invertebrates
Minipunavirus	bacteria
Minorvirus	archaea
Minovirus	vertebrates
Mintinovirus	bacteria
Mintuvirus	bacteria
Minunavirus	bacteria
Minusuvirus	bacteria
Mischivirus	vertebrates
Mitdiwavirus	bacteria
Mithrilvirus	protists (S)
Mivedwarsatellite	plants
Mivirus	invertebrates
Moabitevirus	bacteria
Moazamivirus	bacteria
Mobatvirus	vertebrates
Mobuvirus	invertebrates
Mocruvirus	bacteria
Mohonavirus	bacteria
Moineauvirus	bacteria
Molluscipoxvirus	vertebrates
Mollymurvirus	bacteria
Mollyvirus	bacteria
Moloevirus	bacteria
Molucevirus	bacteria
Monamovirus	bacteria
Monekavirus	bacteria
Montyvirus	bacteria
Mooglevirus	bacteria
Moomoovirus	bacteria
Moonbeamvirus	bacteria
Moonvirus	bacteria
Mooreparkvirus	bacteria
Moovirus	bacteria
Morbillivirus	vertebrates
Morsusvirus	invertebrates
Mosavirus	vertebrates
Mosigvirus	bacteria
Mosugukvirus	bacteria
Moturavirus	bacteria
Moumouvirus	protists
Mousrhavirus	invertebrates
Muarterivirus	vertebrates
Mucrahivirus	bacteria
Mudcatvirus	bacteria
Mufasoctovirus	bacteria
Mukerjeevirus	bacteria
Mulcrilevirus	plants
Muldoonvirus	bacteria
Muminvirus	bacteria
Mupapillomavirus	vertebrates
Mupivirus	vertebrates
Murciavirus	bacteria
Muromegalovirus	vertebrates
Murrayvirus	bacteria
Muscarsatellite	plants
Muscavirus	invertebrates
Muscodensovirus	invertebrates
Mushuvirus	bacteria
Mustelpoxvirus	vertebrates
Mutorquevirus	algae+vertebrates
Muvirus	bacteria
Muyegivirus	bacteria
Mycoabscvirus	bacteria
Mycoflexivirus	fungi
Mycoreovirus	fungi
Mydovirus	bacteria
Myducvirus	bacteria
Mykissvirus	vertebrates
Mylasvirus	bacteria
Myoalterovirus	bacteria
Myohalovirus	archaea
Myosmarvirus	bacteria
Myradeevirus	bacteria
Myriavirus	invertebrates
Myrnavirus	bacteria
Myrropivirus	vertebrates
Myunavirus	bacteria
Myxoctovirus	bacteria
Nacovirus	vertebrates
Nadsecevirus	bacteria
Naesvirus	bacteria
Nahantvirus	bacteria
Nahjiuvirus	bacteria
Nahrudavirus	bacteria
Nahsuvirus	bacteria
Namakavirus	bacteria
Namazuvirus	bacteria
Nampongvirus	bacteria
Nanhaivirus	bacteria
Nanhuvirus	bacteria
Nankokuvirus	bacteria
Nanovirus	plants
Napahaivirus	bacteria
Narmovirus	vertebrates
Narnavirus	fungi
Nasenivirus	invertebrates
Natevirus	bacteria
Nauglamirvirus	protists (S)
Nazgulvirus	bacteria
Nebovirus	vertebrates
Neferthenavirus	bacteria
Negarvirus	bacteria
Nehohpavirus	bacteria
Nehpavirus	bacteria
Nehujevirus	bacteria
Nehumivirus	bacteria
Nekkelsvirus	bacteria
Nematovirus	invertebrates
Nepovirus	plants
Neptunevirus	bacteria
Neratovirus	bacteria
Nereusvirus	bacteria
Neritesvirus	bacteria
Nerrivikvirus	bacteria
Nesevirus	bacteria
Nevevirus	bacteria
Nevillevirus	bacteria
Newforgelanevirus	bacteria
Nezavisimistyvirus	bacteria
Niankuvirus	bacteria
Nicedsevirus	bacteria
Nickievirus	bacteria
Nieuwekanaalvirus	bacteria
Nigecruvirus	invertebrates
Niginuvirus	bacteria
Nihlwovirus	bacteria
Nihucivirus	bacteria
Nilusvirus	bacteria
Nimanivirus	invertebrates
Nimduovirus	bacteria
Nimphelosvirus	protists (S)
Ningirsuvirus	bacteria
Nipunavirus	bacteria
Nitmarvirus	archaea
Nitunavirus	bacteria
Niuhvovirus	bacteria
Noahvirus	bacteria
Nochtlivirus	bacteria
Nodensvirus	bacteria
Noehsivirus	bacteria
Nohelivirus	archaea
Nohivirus	bacteria
Nonagvirus	bacteria
Nonanavirus	bacteria
Norovirus	vertebrates
Northamptonvirus	bacteria
Norwavirus	invertebrates+vertebrates
Nouzillyvirus	bacteria
Novemvirus	bacteria
Novirhabdovirus	vertebrates
Novosibovirus	bacteria
Novosibvirus	bacteria
Noxifervirus	bacteria
Nuarterivirus	vertebrates
Nuihimevirus	bacteria
Nupapillomavirus	vertebrates
Nutorquevirus	vertebrates
Nyavirus	invertebrates+vertebrates
Nyceiraevirus	bacteria
Nyfulvavirus	invertebrates
Nylescharonvirus	bacteria
Nymphadoravirus	bacteria
Obhoarovirus	bacteria
Oblavirus	vertebrates
Obolenskvirus	bacteria
Obscuruvirus	invertebrates
Oceanusvirus	algae
Oceshuvirus	bacteria
Ocetevirus	invertebrates
Ociwvivirus	bacteria
Octobienvirus	bacteria
Odiravirus	bacteria
Odonatavirus	invertebrates
Oekfovirus	bacteria
Oengusvirus	bacteria
Ohlsrhavirus	invertebrates
Oinezvirus	bacteria
Okavirus	invertebrates
Okubovirus	bacteria
Oleavirus	plants
Olivavirus	plants
Oliverunavirus	bacteria
Ollusvirus	invertebrates
Olmsdivirus	bacteria
Omarvirus	bacteria
Omegapapillomavirus	vertebrates
Omegatetravirus	invertebrates
Omegatorquevirus	vertebrates
Omegavirus	bacteria
Omicrontorquevirus	vertebrates
Omikronpapillomavirus	vertebrates
Omohevirus	bacteria
Oncotshavirus	vertebrates
Oneupvirus	bacteria
Onohmuvirus	bacteria
Onyinyevirus	bacteria
Opdykovirus	bacteria
Ophiovirus	plants
Opunvirus	plants
Orbivirus	invertebrates+vertebrates
Orchidvirus	bacteria
Orinovirus	invertebrates
Orivirus	vertebrates
Ormalvirus	protists (S)
Ormenosvirus	bacteria
Orthoavulavirus	vertebrates
Orthobornavirus	vertebrates
Orthobunyavirus	invertebrates+vertebrates
Orthocurvulavirus	fungi
Orthodiscovirus	fungi
Orthoebolavirus	vertebrates
Orthoflavivirus	invertebrates+vertebrates
Orthohantavirus	vertebrates
Orthohepadnavirus	vertebrates
Orthomarburgvirus	vertebrates
Orthonairovirus	invertebrates+vertebrates
Orthonoravirus	invertebrates (S)
Orthophasmavirus	invertebrates
Orthopicobirnavirus	invertebrates+vertebrates
Orthopneumovirus	vertebrates
Orthopoxvirus	vertebrates
Orthoreovirus	invertebrates+vertebrates
Orthorubulavirus	vertebrates
Orthotospovirus	invertebrates+plants
Orthotulasvirus	fungi
Oryzavirus	invertebrates+plants
Oryzopoxvirus	vertebrates
Oscivirus	vertebrates
Oshimavirus	bacteria
Osigowavirus	bacteria
Oslovirus	bacteria
Ostreavirus	vertebrates
Otagovirus	bacteria
Ourmiavirus	plants
Owenocuvirus	bacteria
Oxychlovirus	bacteria
Paadamvirus	bacteria
Pacehavirus	bacteria
Pacinivirus	bacteria
Paclarkvirus	bacteria
Pacuvirus	invertebrates+vertebrates
Pagavirus	bacteria
Pagevirus	bacteria
Pagohnivirus	bacteria
Paguronivirus	invertebrates
Pahdacivirus	bacteria
Pahexavirus	bacteria
Pahsextavirus	bacteria
Pahspavirus	bacteria
Pairvirus	bacteria
Pakpunavirus	bacteria
Palaemonvirus	bacteria
Palantirivirus	protists (S)
Palsdevirus	bacteria
Pamexvirus	bacteria
Pamirivirus	bacteria
Panicovirus	plants
Panjvirus	bacteria
Pankowvirus	bacteria
Paopuvirus	bacteria
Papanivirus	plants
Papyrusvirus	bacteria
Paraavulavirus	vertebrates
Parabovirus	vertebrates
Parahepadnavirus	vertebrates
Parapoxvirus	vertebrates
Pararubulavirus	vertebrates
Parechovirus	vertebrates
Parhipatevirus	bacteria
Pariacacavirus	bacteria
Parlovirus	bacteria
Pasivirus	vertebrates
Paslahepevirus	vertebrates
Passerivirus	vertebrates
Patagivirus	vertebrates
Patiencevirus	bacteria
Patimovirus	bacteria
Paulavirus	bacteria
Paundecimvirus	bacteria
Paundivirus	bacteria
Pavtokvirus	bacteria
Pawinskivirus	bacteria
Paysduvirus	bacteria
Pbunavirus	bacteria
Peatvirus	bacteria
Pebcunavirus	bacteria
Pecentumvirus	bacteria
Pecluvirus	plants
Pediavirus	invertebrates
Pedosvirus	bacteria
Peduovirus	bacteria
Peeveelvirus	bacteria
Pefuambidensovirus	invertebrates
Pegivirus	vertebrates
Pegunavirus	bacteria
Pehohrivirus	bacteria
Pehsaduvirus	bacteria
Pekhitvirus	bacteria
Pektosvirus	bacteria
Pelagivirus	bacteria
Pelamoviroid	plants
Pelarspovirus	plants
Pelmivirus	invertebrates
Pemapivirus	vertebrates
Pemunavirus	bacteria
Penicillimonavirus	fungi+invertebrates+protists
Penintadodekavirus	bacteria
Penoulivirus	algae+fungi+plants
Penstylhamaparvovirus	invertebrates
Pepevirus	bacteria
Pepusduvirus	bacteria
Pepyhexavirus	bacteria
Percavirus	vertebrates
Percyvirus	bacteria
Perhabdovirus	vertebrates
Perisivirus	bacteria
Peropuvirus	invertebrates+plants
Perrunavirus	bacteria
Persistencevirus	bacteria
Pestivirus	vertebrates
Peternellavirus	bacteria
Petruschkyvirus	bacteria
Petsuvirus	bacteria
Pettyvirus	bacteria
Petuvirus	plants
Phabiovirus	bacteria
Phabquatrovirus	bacteria
Phaeovirus	algae
Phapecoctavirus	bacteria
Pharaohvirus	bacteria
Phasivirus	invertebrates
Phayoncevirus	bacteria
Phelinovirus	invertebrates
Phialvirus	protists (S)
Phietavirus	bacteria
Phifelvirus	bacteria
Phikmvvirus	bacteria
Phikzvirus	bacteria
Philippevirus	bacteria
Philtcovirus	bacteria
Phimunavirus	bacteria
Phipapillomavirus	vertebrates
Phistoryvirus	bacteria
Phitrevirus	bacteria
Phlebovirus	invertebrates+vertebrates
Phleivirus	bacteria
Phobosvirus	bacteria
Phobpsivirus	bacteria
Phrappuccinovirus	bacteria
Phulihavirus	bacteria
Phulivirus	bacteria
Phutvirus	bacteria
Phyllomonavirus	invertebrates+phytobiome (S)
Phytoreovirus	invertebrates+plants
Picardvirus	bacteria
Pidchovirus	invertebrates
Piedvirus	bacteria
Pienvirus	bacteria
Pifdecavirus	bacteria
Pihngevirus	bacteria
Pijolavirus	bacteria
Pikminvirus	bacteria
Pinnievirus	bacteria
Piorkowskivirus	bacteria
Pipapillomavirus	vertebrates
Pipefishvirus	bacteria
Pipoluvirus	bacteria
Piponevirus	bacteria
Pippivirus	bacteria
Pipunevirus	bacteria
Pirifovirus	bacteria
Piscesmortuivirus	bacteria
Piscichuvirus	invertebrates+marine (S)+vertebrates
Piscihepevirus	vertebrates
Pitorquevirus	vertebrates
Plaisancevirus	bacteria
Plasmavirus	bacteria
Plasmopamonavirus	fungi+protists
Plateaulakevirus	bacteria
Platypuvirus	plants
Playavirus	bacteria
Plazymidvirus	bacteria
Pleakleyvirus	bacteria
Plectrovirus	bacteria
Pleeduovirus	bacteria
Pleetrevirus	bacteria
Pletoitzamnavirus	archaea
Plotvirus	bacteria
Plymouthvirus	bacteria
Poacevirus	plants
Podivirus	bacteria
Podtsbuvirus	bacteria
Poecivirus	vertebrates
Pogseptimavirus	bacteria
Pohlevirus	bacteria
Pohlodivirus	bacteria
Pohlydovirus	bacteria
Pohtamavirus	bacteria
Poindextervirus	bacteria
Pokkenvirus	bacteria
Pokrovskaiavirus	bacteria
Polemovirus	plants
Polerovirus	plants
Pollockvirus	bacteria
Pollyceevirus	bacteria
Polybotosvirus	bacteria
Polymycovirus	fungi
Pomeroyivirus	bacteria
Pomovirus	plants
Poncivirus	bacteria
Ponsvirus	bacteria
Pontunivirus	vertebrates
Pontusvirus	bacteria
Popoffvirus	bacteria
Pormufvirus	archaea
Porprismacovirus	invertebrates+vertebrates
Porrectionivirus	bacteria
Poseidonvirus	bacteria
Pospiviroid	plants
Potamipivirus	vertebrates
Potamoivirus	bacteria
Potexvirus	plants
Potyvirus	plants
Pourcelvirus	bacteria
Poushouvirus	bacteria
Powerballvirus	bacteria
Powvirus	bacteria
Pradovirus	bacteria
Prasinovirus	algae
Predatorvirus	bacteria
Pregotovirus	vertebrates
Presleyvirus	bacteria
Primolicivirus	bacteria
Priunavirus	bacteria
Privateervirus	bacteria
Proboscivirus	vertebrates
Prosimiispumavirus	vertebrates
Protoambidensovirus	invertebrates
Protobacilladnavirus	algae+invertebrates+marine (S)
Protoparvovirus	vertebrates
Prunevirus	plants
Prymnesiovirus	algae
Przondovirus	bacteria
Psavirus	bacteria
Psecadovirus	bacteria
Psehatovirus	bacteria
Pseudotevenvirus	bacteria
Pseudovirus	fungi+plants
Psiaduvirus	bacteria
Psimevirus	bacteria
Psimunavirus	archaea
Psipapillomavirus	vertebrates
Psitorquevirus	vertebrates
Psoetuvirus	bacteria
Psouhdivirus	bacteria
Pteridovirus	plants
Pteropopoxvirus	vertebrates
Pterovirus	invertebrates
Puahadnavirus	marine (S)
Pudlivirus	bacteria
Puduphavirus	bacteria
Puhrivirus	bacteria
Puirovirus	bacteria
Pujohnavirus	bacteria
Pukovnikvirus	bacteria
Pulverervirus	bacteria
Punavirus	bacteria
Puppervirus	bacteria
Purivirus	bacteria
Purkyvirus	bacteria
Pushchinovirus	bacteria
Pygoscepivirus	vertebrates
Pylasvirus	bacteria
Qadamvirus	bacteria
Qeihnovirus	bacteria
Qingdaovirus	bacteria
Quadragintavirus	bacteria
Quadrivirus	fungi
Quaranjavirus	invertebrates+vertebrates
Qubevirus	bacteria
Quesadillavirus	bacteria
Questintvirus	bacteria
Quhwahvirus	bacteria
Quivirus	bacteria
Quwivirus	vertebrates
Rabovirus	vertebrates
Radbaivirus	bacteria
Radostvirus	bacteria
Rafivirus	vertebrates
Rahariannevirus	bacteria
Rainacovirus	bacteria
Rajidapivirus	vertebrates
Raleighvirus	bacteria
Ranavirus	vertebrates
Raphidovirus	algae
Rauchvirus	bacteria
Raunefjordenvirus	bacteria
Ravarandavirus	bacteria
Ravavirus	plants
Ravinvirus	bacteria
Recovirus	vertebrates
Redjacvirus	bacteria
Refugevirus	bacteria
Reginaelenavirus	bacteria
Rehihmevirus	bacteria
Rehudzovirus	bacteria
Reipivirus	bacteria
Replylivirus	vertebrates
Reptarenavirus	vertebrates
Reptillovirus	vertebrates
Rerduovirus	bacteria
Respirovirus	vertebrates
Restivirus	bacteria
Retbasiphovirus	archaea
Reyvirus	bacteria
Rhadinovirus	vertebrates
Rheavirus	protists
Rhizidiovirus	fungi
Rhizomonavirus	phytobiome (S)
Rhizoulivirus	fungi
Rhodobactegtaviriform	bacteria
Rhodovulugtaviriform	bacteria
Rhohmbavirus	bacteria
Rhopapillomavirus	vertebrates
Rhotorquevirus	vertebrates
Richievirus	bacteria
Rigallicvirus	bacteria
Rimavirus	bacteria
Ringilvirus	protists (S)
Ripduovirus	bacteria
Risingsunvirus	bacteria
Risjevirus	bacteria
Rivapovirus	invertebrates
Riverridervirus	bacteria
Rivsvirus	bacteria
Robigovirus	plants
Rocahepevirus	vertebrates
Rochuvirus	invertebrates
Rockefellervirus	bacteria
Rockvillevirus	bacteria
Rodtovirus	bacteria
Rogerhendrixvirus	bacteria
Rogunavirus	bacteria
Rohelivirus	vertebrates
Rohsdrivirus	bacteria
Rollinsvirus	bacteria
Ronaldovirus	bacteria
Ronavirus	invertebrates
Ronodorvirus	bacteria
Rosadnavirus	plants
Rosariovirus	bacteria
Rosavirus	vertebrates
Rosebushvirus	bacteria
Rosemountvirus	bacteria
Rosenblumvirus	bacteria
Roseolovirus	vertebrates
Roskildevirus	bacteria
Roslyckyvirus	bacteria
Rotavirus	vertebrates
Roufvirus	bacteria
Rowavirus	bacteria
Roymovirus	plants
Rtpvirus	bacteria
Rubivirus	vertebrates
Rubodvirus	plants
Ruegerigtaviriform	bacteria
Ruflodivirus	plants
Rusvolovirus	bacteria
Ruthyvirus	bacteria
Rymovirus	plants
Ryyoungvirus	bacteria
Sabavirus	invertebrates
Sabourvirus	bacteria
Saclayvirus	bacteria
Sadwavirus	plants
Saetivirus	bacteria
Sagamiharavirus	bacteria
Saguarovirus	bacteria
Saikungvirus	bacteria
Saintgironsvirus	bacteria
Sajorinivirus	vertebrates
Sakobuvirus	vertebrates
Salacisavirus	bacteria
Salasvirus	bacteria
Salchichonvirus	bacteria
Saldibavirus	archaea
Salemvirus	vertebrates
Salinovirus	bacteria
Salisharnavirus	marine (S)
Salivirus	vertebrates
Salmondvirus	bacteria
Salmonpoxvirus	vertebrates
Salmovirus	vertebrates
Salovirus	vertebrates
Salterprovirus	archaea
Saltrevirus	bacteria
Salutenavirus	bacteria
Salvavirus	bacteria
Salvovirus	bacteria
Samistivirus	bacteria
Samsavirus	archaea
Samunavirus	bacteria
Samuneavirus	bacteria
Samwavirus	bacteria
Sandeparvovirus	vertebrates
Sandinevirus	bacteria
Sanguivirus	bacteria
Sanovirus	bacteria
Sansavirus	bacteria
Sanstrivirus	invertebrates
Santafevirus	bacteria
Sanyabayvirus	bacteria
Sapelovirus	vertebrates
Saphexavirus	bacteria
Sapovirus	vertebrates
Sardinovirus	vertebrates
Sargevirus	bacteria
Sarumanvirus	bacteria
Sasdunavirus	bacteria
Sashavirus	bacteria
Sasquatchvirus	bacteria
Sasvirus	bacteria
Sauletekiovirus	bacteria
Saundersvirus	bacteria
Sawaravirus	bacteria
Sawastrivirus	invertebrates
Sawgrhavirus	invertebrates
Scappvirus	bacteria
Scapunavirus	bacteria
Scarabeuvirus	invertebrates
Schiekvirus	bacteria
Schizotequatrovirus	bacteria
Schmidtvirus	bacteria
Schmidvirus	bacteria
Schmittlotzvirus	bacteria
Schnabeltiervirus	bacteria
Schubertvirus	bacteria
Scindoambidensovirus	invertebrates
Sciuripoxvirus	vertebrates
Sciuriunavirus	bacteria
Sclerodarnavirus	fungi
Sclerotimonavirus	fungi+phytobiome (S)+protists+soil (S)
Scleroulivirus	algae+fungi
Scloravirus	bacteria
Scoliodonvirus	vertebrates
Scophrhavirus	vertebrates
Scottvirus	bacteria
Scuadavirus	bacteria
Sculuvirus	bacteria
Scutavirus	vertebrates
Scuticavirus	bacteria
Scyllavirus	bacteria
Sdenfavirus	bacteria
Sdonativirus	bacteria
Sdribtuvirus	bacteria
Seadornavirus	invertebrates+vertebrates
Seahorsevirus	bacteria
Seamegvirus	bacteria
Seawadnavirus	marine (S)
Secretariatvirus	bacteria
Sectovirus	invertebrates
Sednavirus	bacteria
Sedonavirus	bacteria
Seejivirus	archaea
Segzyvirus	bacteria
Sehcovirus	bacteria
Sehpovirus	bacteria
Semodevirus	bacteria
Semotivirus	invertebrates+vertebrates
Sendosyvirus	bacteria
Senecavirus	vertebrates
Senitvirus	archaea
Senquatrovirus	bacteria
Sentinelvirus	bacteria
Seodaemunguvirus	bacteria
Seongbukvirus	bacteria
Seongnamvirus	bacteria
Seoulvirus	bacteria
Septimatrevirus	bacteria
Septovirus	vertebrates
Sepunavirus	bacteria
Sequivirus	plants
Serangoonvirus	bacteria
Serkorvirus	bacteria
Sertoctavirus	bacteria
Sertovirus	vertebrates
Serwervirus	bacteria
Sessunavirus	bacteria
Setohruvirus	bacteria
Seunavirus	bacteria
Seuratvirus	bacteria
Seussvirus	bacteria
Sexopuavirus	bacteria
Sextaecvirus	bacteria
Seybrovirus	bacteria
Sfunavirus	bacteria
Shalavirus	bacteria
Shamshuipovirus	bacteria
Shanbavirus	vertebrates
Shandongvirus	bacteria
Shandvirus	bacteria
Shangavirus	invertebrates
Shantouvirus	bacteria
Shapirovirus	bacteria
Sharonstreetvirus	bacteria
Shaspivirus	invertebrates
Shebanavirus	bacteria
Sheenvirus	bacteria
Shenzhenivirus	bacteria
Shenzhenvirus	bacteria
Sherbrookevirus	bacteria
Shihmovirus	bacteria
Shihovirus	bacteria
Shihwivirus	bacteria
Shilevirus	protists
Shirahamavirus	bacteria
Shizishanvirus	bacteria
Sholavirus	bacteria
Shomudavirus	bacteria
Shopitevirus	bacteria
Shoyavirus	bacteria
Shuimuvirus	bacteria
Shuravirus	bacteria
Siadenovirus	vertebrates
Siaravirus	bacteria
Siatvirus	bacteria
Sicinivirus	vertebrates
Sicregavirus	vertebrates
Sidiousvirus	bacteria
Sidiruavirus	bacteria
Sieqvirus	bacteria
Siftrevirus	bacteria
Sigmapapillomavirus	vertebrates
Sigmatorquevirus	vertebrates
Sigmavirus	invertebrates+vertebrates
Silentrexvirus	bacteria
Silviavirus	bacteria
Simiispumavirus	vertebrates
Siminovitchvirus	bacteria
Simismacovirus	vertebrates
Simpcentumvirus	bacteria
Simplexvirus	vertebrates
Sinaivirus	invertebrates
Sincthavirus	bacteria
Siniperhavirus	vertebrates
Sinsheimervirus	bacteria
Siophivirus	bacteria
Siovirus	bacteria
Siphunculivirus	bacteria
Sirevirus	plants
Sixamavirus	bacteria
Skarprettervirus	bacteria
Skatevirus	bacteria
Skhembuvirus	bacteria
Skogvirus	bacteria
Skrubnovirus	bacteria
Skulduggeryvirus	bacteria
Skunavirus	bacteria
Skysandvirus	bacteria
Slashvirus	bacteria
Sleepyheadvirus	bacteria
Slepowronvirus	bacteria
Slopekvirus	bacteria
Smoothievirus	bacteria
Smudhfivirus	bacteria
Snuvirus	bacteria
Snuwdevirus	bacteria
Sobemovirus	plants
Socyvirus	invertebrates
Soetuvirus	bacteria
Sogarnavirus	algae+marine (S)
Sokavirus	bacteria
Solendovirus	plants
Somasatellite	invertebrates
Sonalivirus	bacteria
Sophoyesatellite	plants
Sophritavirus	bacteria
Sopolycivirus	invertebrates
Sortsnevirus	bacteria
Soupsvirus	bacteria
Sourvirus	bacteria
Soymovirus	plants
Sozzivirus	bacteria
Sparkyvirus	bacteria
Spbetavirus	bacteria
Sperdavirus	bacteria
Sphonivirus	bacteria
Spiromicrovirus	bacteria
Spizizenvirus	bacteria
Sprivivirus	vertebrates
Sputnikvirus	protists
Squashvirus	bacteria
Squirtyvirus	bacteria
Sripuvirus	invertebrates+vertebrates
Staminivirus	bacteria
Stanholtvirus	bacteria
Stehlmavirus	bacteria
Stehnavirus	bacteria
Steinhofvirus	bacteria
Stockinghallvirus	bacteria
Stompelvirus	bacteria
Stompvirus	bacteria
Stonewallvirus	bacteria
Stoningtonvirus	bacteria
Stopalavirus	bacteria
Stopavirus	bacteria
Stormageddonvirus	bacteria
Stralarivirus	plants
Striavirus	vertebrates
Striwavirus	invertebrates
Stubburvirus	bacteria
Stupavirus	bacteria
Stupnyavirus	bacteria
Stylovirus	invertebrates
Subclovsatellite	plants
Subteminivirus	bacteria
Sugarlandvirus	bacteria
Suhnsivirus	bacteria
Suipoxvirus	vertebrates
Sukhumvitvirus	bacteria
Sukkupivirus	bacteria
Sukuvirus	bacteria
Sunrhavirus	invertebrates+vertebrates
Sunshinevirus	vertebrates
Supelovirus	invertebrates
Surghavirus	bacteria
Suseptimavirus	bacteria
Susfortunavirus	bacteria
Suspvirus	bacteria
Sustrivirus	plants
Suturavirus	bacteria
Suwonvirus	bacteria
Svunavirus	bacteria
Sweetvirus	archaea
Swiduovirus	bacteria
Swihdzovirus	bacteria
Symapivirus	vertebrates
Synelinevirus	invertebrates
Synodonvirus	vertebrates
Syrbvirus	bacteria
Tabernariusvirus	bacteria
Taceavirus	invertebrates
Tahluvirus	bacteria
Taipeivirus	bacteria
Takahashivirus	bacteria
Tamanovirus	bacteria
Tamkungvirus	bacteria
Tandoganvirus	bacteria
Tangaroavirus	bacteria
Tanisvirus	bacteria
Tankvirus	bacteria
Tantvirus	bacteria
Tanzavirus	vertebrates
Tapikevirus	bacteria
Tapjovirus	vertebrates
Tapwovirus	invertebrates
Taranisvirus	bacteria
Taupapillomavirus	vertebrates
Tawavirus	bacteria
Teciucevirus	bacteria
Tedavirus	bacteria
Teetrevirus	bacteria
Tefnutvirus	bacteria
Tegunavirus	bacteria
Tehdravirus	bacteria
Tehmuvirus	bacteria
Tehnexuvirus	bacteria
Tehnicivirus	bacteria
Tehuhdavirus	bacteria
Telnavirus	invertebrates
Temfrudevirus	plants
Tenuivirus	invertebrates+plants
Tepovirus	plants
Tepukevirus	bacteria
Tequatrovirus	bacteria
Tequintavirus	bacteria
Terapinvirus	bacteria
Tertilicivirus	bacteria
Teschovirus	vertebrates
Teseptimavirus	bacteria
Testadenovirus	vertebrates
Tethysvirus	algae
Tetipavirus	bacteria
Tetraparvovirus	vertebrates
Tettorquevirus	vertebrates
Tetuambidensovirus	invertebrates
Teubervirus	bacteria
Thalassavirus	bacteria
Thamnovirus	vertebrates
Thaumasvirus	bacteria
Thehlovirus	bacteria
Theiavirus	protists
Thetaarterivirus	vertebrates
Thetabobvirus	bacteria
Thetahypovirus	fungi
Thetapapillomavirus	vertebrates
Thetapolyomavirus	vertebrates
Thetatorquevirus	invertebrates+vertebrates
Thetisvirus	bacteria
Thidevirus	bacteria
Thiuhmevirus	bacteria
Thiwvovirus	bacteria
Thiyevirus	bacteria
Thobivirus	bacteria
Thogotovirus	invertebrates+vertebrates
Thomixvirus	bacteria
Thonkovirus	bacteria
Thornevirus	bacteria
Thottimvirus	vertebrates
Thriprhavirus	invertebrates
Thurisazvirus	vertebrates
Thyrsuvirus	bacteria
Tiamatvirus	bacteria
Tibirnivirus	bacteria
Tibrovirus	invertebrates+vertebrates
Ticahravirus	bacteria
Tidunavirus	bacteria
Tieomvirus	bacteria
Tigrvirus	bacteria
Tigunavirus	bacteria
Tiilvirus	bacteria
Tijeunavirus	bacteria
Tikiyavirus	bacteria
Tilapinevirus	vertebrates
Timirovirus	bacteria
Timquatrovirus	bacteria
Timshelvirus	bacteria
Tinalinvirus	bacteria
Tinduovirus	bacteria
Tinebovirus	bacteria
Tinytimothyvirus	bacteria
Titanvirus	bacteria
Tlsvirus	bacteria
Tobamovirus	plants
Tobravirus	plants
Tocinivirus	invertebrates
Tofonivirus	invertebrates
Tohkunevirus	bacteria
Tohvovirus	bacteria
Tomasvirus	bacteria
Tombusvirus	plants
Tonitrusvirus	archaea
Topilevirus	plants
Topocuvirus	plants
Torbevirus	vertebrates
Torchivirus	vertebrates
Torovirus	vertebrates
Torradovirus	plants
Tortellinivirus	bacteria
Totivirus	fungi
Tottorivirus	vertebrates
Toursvirus	invertebrates
Toutatisvirus	bacteria
Tralespevirus	plants
Traversvirus	bacteria
Tredecimvirus	archaea
Treisdeltapapillomavirus	vertebrates
Treisepsilonpapillomavirus	vertebrates
Treisetapapillomavirus	vertebrates
Treisiotapapillomavirus	vertebrates
Treiskappapapillomavirus	vertebrates
Treisthetapapillomavirus	vertebrates
Treiszetapapillomavirus	vertebrates
Tremovirus	vertebrates
Tresduoquattuorvirus	bacteria
Triamitovirus	fungi
Triatovirus	invertebrates
Triavirus	bacteria
Trichomonasvirus	protists
Trichovirus	plants
Triduovirus	bacteria
Trigintaduovirus	bacteria
Trinavirus	bacteria
Trinevirus	bacteria
Trinifflemingvirus	bacteria
Triniovirus	invertebrates
Triplejayvirus	bacteria
Tritimovirus	plants
Tritonvirus	bacteria
Troedvirus	bacteria
Tropivirus	vertebrates
Trucevirus	bacteria
Trungvirus	bacteria
Tsamsavirus	bacteria
Tsarbombavirus	bacteria
Tsecebavirus	bacteria
Tsuhreavirus	bacteria
Tsukubavirus	bacteria
Tulanevirus	bacteria
Tunavirus	bacteria
Tunggulvirus	bacteria
Tungrovirus	plants
Tuodvirus	bacteria
Tupanvirus	protists
Tupavirus	invertebrates+vertebrates
Turbidovirus	bacteria
Turncurtovirus	plants
Turrinivirus	invertebrates
Tuskovirus	bacteria
Tuwendivirus	bacteria
Twortvirus	bacteria
Tybeckvirus	bacteria
Tymovirus	plants
Typhavirus	bacteria
Tyrahlevirus	bacteria
Uetakevirus	bacteria
Ulegvirus	invertebrates
Uliginvirus	bacteria
Umbravirus	plants
Unahavirus	bacteria
Unaquatrovirus	bacteria
Unicornvirus	bacteria
Unuamitovirus	fungi
Unyawovirus	bacteria
Upsilonpapillomavirus	vertebrates
Upsilontorquevirus	vertebrates
Ureyisuvirus	bacteria
Usarudivirus	archaea
Ushumevirus	bacteria
Usmuvirus	invertebrates
Uukuvirus	invertebrates+vertebrates
Uwajimavirus	bacteria
Vaccinivirus	plants
Valbvirus	bacteria
Valinorvirus	protists (S)
Valovirus	vertebrates
Vansinderenvirus	bacteria
Vapochuvirus	invertebrates
Vapseptimavirus	bacteria
Varicellovirus	vertebrates
Varicosavirus	fungi+plants+soil (S)
Varunavirus	bacteria
Vashvirus	bacteria
Vasivirus	bacteria
Vebetovirus	vertebrates
Vectrevirus	bacteria
Vedamuthuvirus	bacteria
Veewebvirus	bacteria
Vegasvirus	bacteria
Velarivirus	plants
Vellamovirus	bacteria
Vendavirus	bacteria
Vendettavirus	bacteria
Vequintavirus	bacteria
Veracruzvirus	bacteria
Veravirus	bacteria
Vernevirus	bacteria
Versovirus	bacteria
Vesehyavirus	bacteria
Vesiculovirus	invertebrates+vertebrates
Vesivirus	vertebrates
Vespertilionpoxvirus	vertebrates
Vespertiliovirus	bacteria
Veterinaerplatzvirus	bacteria
Vhmlvirus	bacteria
Vhulanivirus	bacteria
Vibakivirus	bacteria
Vicialiavirus	bacteria
Vicoquintavirus	bacteria
Vicosavirus	bacteria
Victorivirus	fungi
Vidquintavirus	bacteria
Vieuvirus	bacteria
Villovirus	bacteria
Vilniusvirus	bacteria
Vimunumvirus	bacteria
Vindevirus	bacteria
Vinehtivirus	bacteria
Vingilotevirus	protists (S)
Vipetofemvirus	bacteria
Vipivirus	bacteria
Vipunavirus	bacteria
Virgulavirus	bacteria
Virtovirus	plants
Vitivirus	plants
Vividuovirus	bacteria
Voetvirus	bacteria
Vohsuavirus	bacteria
Vojvodinavirus	bacteria
Votkovvirus	bacteria
Voulevirus	bacteria
Vulnificusvirus	bacteria
Wadgaonvirus	bacteria
Waedenswilvirus	bacteria
Waewaevirus	bacteria
Wahbolevirus	bacteria
Wahdswovirus	bacteria
Wahtavirus	bacteria
Waikavirus	plants
Wakandavirus	bacteria
Wamavirus	plants
Wanchaivirus	bacteria
Wanderervirus	bacteria
Wanjuvirus	bacteria
Warsawvirus	bacteria
Warwickvirus	bacteria
Watanabevirus	bacteria
Waukeshavirus	bacteria
Wawtorquevirus	invertebrates+vertebrates
Wbetavirus	bacteria
Weaselvirus	bacteria
Webervirus	bacteria
Wecineivirus	bacteria
Weheuvirus	bacteria
Wellingtonvirus	bacteria
Wenrivirus	invertebrates
Whackvirus	bacteria
Whietlevirus	bacteria
Whiflysatellite	plants
Whilavirus	bacteria
Whispovirus	invertebrates
Whiteheadvirus	bacteria
Whodehavirus	bacteria
Whopevirus	bacteria
Widsokivirus	bacteria
Wifcevirus	bacteria
Wildcatvirus	bacteria
Wilnyevirus	bacteria
Wilsonroadvirus	bacteria
Winklervirus	bacteria
Winunavirus	bacteria
Wishivirus	bacteria
Wizardvirus	bacteria
Woesvirus	bacteria
Wohudhevirus	bacteria
Wollypogvirus	bacteria
Wolominvirus	bacteria
Wongtaivirus	bacteria
Woodruffvirus	bacteria
Wotdevirus	bacteria
Wphvirus	bacteria
Wroclawvirus	bacteria
Wuhanvirus	bacteria
Wuhivirus	invertebrates
Wulfhauvirus	bacteria
Wulosvivirus	bacteria
Wumivirus	invertebrates
Wumpquatrovirus	bacteria
Wumptrevirus	bacteria
Wyahnevirus	bacteria
Xaviavirus	bacteria
Xenophyvirus	invertebrates
Xiamenvirus	bacteria
Xinspivirus	invertebrates
Xipapillomavirus	vertebrates
Xipdecavirus	bacteria
Xitorquevirus	vertebrates
Xooduovirus	bacteria
Xoxocotlavirus	bacteria
Xuanwuvirus	bacteria
Xuquatrovirus	bacteria
Xylavirus	fungi
Xylivirus	bacteria
Yahnavirus	bacteria
Yanchengvirus	bacteria
Yangvirus	bacteria
Yaravirus	algae
Yasminevirus	protists
Yatapoxvirus	vertebrates
Yautsimvirus	bacteria
Yeceytrevirus	bacteria
Yekorevirus	bacteria
Yellowseavirus	bacteria
Yemegivirus	bacteria
Yenihzavirus	bacteria
Yermavirus	plants
Yeshinuvirus	bacteria
Yeziwivirus	bacteria
Yihwangvirus	bacteria
Yingchengvirus	archaea
Yingvirus	invertebrates
Yohcadevirus	bacteria
Yokohamavirus	bacteria
Yoloswagvirus	bacteria
Yonginvirus	bacteria
Yongloolinvirus	bacteria
Yongunavirus	bacteria
Yonseivirus	bacteria
Yosifvirus	bacteria
Youngvirus	bacteria
Yuavirus	bacteria
Yuhrihovirus	bacteria
Yulgyerivirus	bacteria
Yumkaaxvirus	archaea
Yushanluvirus	bacteria
Yushanvirus	bacteria
Yuyuevirus	invertebrates
Yvonnevirus	bacteria
Zarhavirus	invertebrates
Zayintorquevirus	vertebrates
Zeavirus	plants
Zedzedvirus	bacteria
Zetaarterivirus	vertebrates
Zetahypovirus	fungi
Zetapapillomavirus	vertebrates
Zetapolyomavirus	vertebrates
Zetatorquevirus	vertebrates
Zetavirus	bacteria
Zhangjivirus	bacteria
Zhangqianvirus	bacteria
Zhonglingvirus	bacteria
Zhoulongquanvirus	bacteria
Zicotriavirus	bacteria
Zindervirus	bacteria
Zitchvirus	bacteria
Zukovirus	bacteria
Zurivirus	bacteria
Zuysuivirus	bacteria
Zybavirus	fungi
